pokedex_number,name,hp,attack,defense,sp_attack,sp_defense,speed,base_total,type1,type2,generation,percentage_male
1,Bulbasaur,45,49,49,65,65,45,318,Grass,Poison,1,88.1
2,Ivysaur,60,62,63,80,80,60,405,Grass,Poison,1,88.1
3,Venusaur,80,100,123,122,120,80,625,Grass,Poison,1,88.1
4,Charmander,39,52,43,60,50,65,309,Fire,,1,88.1
5,Charmeleon,58,64,58,80,65,80,405,Fire,,1,88.1
6,Charizard,78,104,78,159,115,100,634,Fire,Flying,1,88.1
7,Squirtle,44,48,65,50,64,43,314,Water,,1,88.1
8,Wartortle,59,63,80,65,80,58,405,Water,,1,88.1
9,Blastoise,79,103,120,135,115,78,630,Water,,1,88.1
10,Caterpie,45,30,35,20,20,45,195,Bug,,1,50
11,Metapod,50,20,55,25,25,30,205,Bug,,1,50
12,Butterfree,60,45,50,90,80,70,395,Bug,Flying,1,50
13,Weedle,40,35,30,20,20,50,195,Bug,Poison,1,50
14,Kakuna,45,25,50,25,25,35,205,Bug,Poison,1,50
15,Beedrill,65,150,40,15,80,145,495,Bug,Poison,1,50
16,Pidgey,40,45,40,35,35,56,251,Normal,Flying,1,50
17,Pidgeotto,63,60,55,50,50,71,349,Normal,Flying,1,50
18,Pidgeot,83,80,80,135,80,121,579,Normal,Flying,1,50
19,Rattata,30,56,35,25,35,72,253,Normal,Dark,1,50
20,Raticate,75,71,70,40,80,77,413,Normal,Dark,1,50
21,Spearow,40,60,30,31,31,70,262,Normal,Flying,1,50
22,Fearow,65,90,65,61,61,100,442,Normal,Flying,1,50
23,Ekans,35,60,44,40,54,55,288,Poison,,1,50
24,Arbok,60,95,69,65,79,80,448,Poison,,1,50
25,Pikachu,35,55,40,50,50,90,320,Electric,,1,50
26,Raichu,60,85,50,95,85,110,485,Electric,Electric,1,50
27,Sandshrew,50,75,90,10,35,40,300,Ground,Ice,1,50
28,Sandslash,75,100,120,25,65,65,450,Ground,Ice,1,50
29,Nidoran♀,55,47,52,40,40,41,275,Poison,,1,0
30,Nidorina,70,62,67,55,55,56,365,Poison,,1,0
31,Nidoqueen,90,92,87,75,85,76,505,Poison,Ground,1,0
32,Nidoran♂,46,57,40,40,40,50,273,Poison,,1,100
33,Nidorino,61,72,57,55,55,65,365,Poison,,1,100
34,Nidoking,81,102,77,85,75,85,505,Poison,Ground,1,100
35,CleFairy,70,45,48,60,65,35,323,Fairy,,1,24.6
36,Clefable,95,70,73,95,90,60,483,Fairy,,1,24.6
37,Vulpix,38,41,40,50,65,65,299,Fire,Ice,1,24.6
38,Ninetales,73,67,75,81,100,109,505,Fire,Ice,1,24.6
39,Jigglypuff,115,45,20,45,25,20,270,Normal,Fairy,1,24.6
40,Wigglytuff,140,70,45,85,50,45,435,Normal,Fairy,1,24.6
41,Zubat,40,45,35,30,40,55,245,Poison,Flying,1,50
42,Golbat,75,80,70,65,75,90,455,Poison,Flying,1,50
43,Oddish,45,50,55,75,65,30,320,Grass,Poison,1,50
44,Gloom,60,65,70,85,75,40,395,Grass,Poison,1,50
45,Vileplume,75,80,85,110,90,50,490,Grass,Poison,1,50
46,Paras,35,70,55,45,55,25,285,Bug,Grass,1,50
47,Parasect,60,95,80,60,80,30,405,Bug,Grass,1,50
48,Venonat,60,55,50,40,55,45,305,Bug,Poison,1,50
49,Venomoth,70,65,60,90,75,90,450,Bug,Poison,1,50
50,Diglett,10,55,30,35,45,90,265,Ground,Ground,1,50
51,Dugtrio,35,100,60,50,70,110,425,Ground,Ground,1,50
52,Meowth,40,35,35,50,40,90,290,Normal,Dark,1,50
53,Persian,65,60,60,75,65,115,440,Normal,Dark,1,50
54,Psyduck,50,52,48,65,50,55,320,Water,,1,50
55,Golduck,80,82,78,95,80,85,500,Water,,1,50
56,Mankey,40,80,35,35,45,70,305,Fighting,,1,50
57,Primeape,65,105,60,60,70,95,455,Fighting,,1,50
58,Growlithe,55,70,45,70,50,60,350,Fire,,1,75.4
59,Arcanine,90,110,80,100,80,95,555,Fire,,1,75.4
60,Poliwag,40,50,40,40,40,90,300,Water,,1,50
61,Poliwhirl,65,65,65,50,50,90,385,Water,,1,50
62,Poliwrath,90,95,95,70,90,70,510,Water,Fighting,1,50
63,Abra,25,20,15,105,55,90,310,Psychic,,1,75.4
64,Kadabra,40,35,30,120,70,105,400,Psychic,,1,75.4
65,Alakazam,55,50,65,175,105,150,600,Psychic,,1,75.4
66,Machop,70,80,50,35,35,35,305,Fighting,,1,75.4
67,Machoke,80,100,70,50,60,45,405,Fighting,,1,75.4
68,Machamp,90,130,80,65,85,55,505,Fighting,,1,75.4
69,Bellsprout,50,75,35,70,30,40,300,Grass,Poison,1,50
70,Weepinbell,65,90,50,85,45,55,390,Grass,Poison,1,50
71,Victreebel,80,105,65,100,70,70,490,Grass,Poison,1,50
72,Tentacool,40,40,35,50,100,70,335,Water,Poison,1,50
73,Tentacruel,80,70,65,80,120,100,515,Water,Poison,1,50
74,Geodude,40,80,100,30,30,20,300,Rock,Ground,1,50
75,Graveler,55,95,115,45,45,35,390,Rock,Ground,1,50
76,Golem,80,120,130,55,65,45,495,Rock,Ground,1,50
77,Ponyta,50,85,55,65,65,90,410,Fire,,1,50
78,Rapidash,65,100,70,80,80,105,500,Fire,,1,50
79,Slowpoke,90,65,65,40,40,15,315,Water,Psychic,1,50
80,Slowbro,95,75,180,130,80,30,590,Water,Psychic,1,50
81,Magnemite,25,35,70,95,55,45,325,Electric,Steel,1,
82,Magneton,50,60,95,120,70,70,465,Electric,Steel,1,
83,Farfetch'd,52,90,55,58,62,60,377,Normal,Flying,1,50
84,Doduo,35,85,45,35,35,75,310,Normal,Flying,1,50
85,Dodrio,60,110,70,60,60,110,470,Normal,Flying,1,50
86,Seel,65,45,55,45,70,45,325,Water,,1,50
87,Dewgong,90,70,80,70,95,70,475,Water,Ice,1,50
88,Grimer,80,80,50,40,50,25,325,Poison,Poison,1,50
89,Muk,105,105,75,65,100,50,500,Poison,Poison,1,50
90,Shellder,30,65,100,45,25,40,305,Water,,1,50
91,Cloyster,50,95,180,85,45,70,525,Water,Ice,1,50
92,Gastly,30,35,30,100,35,80,310,Ghost,Poison,1,50
93,Haunter,45,50,45,115,55,95,405,Ghost,Poison,1,50
94,Gengar,60,65,80,170,95,130,600,Ghost,Poison,1,50
95,Onix,35,45,160,30,45,70,385,Rock,Ground,1,50
96,Drowzee,60,48,45,43,90,42,328,Psychic,,1,50
97,Hypno,85,73,70,73,115,67,483,Psychic,,1,50
98,Krabby,30,105,90,25,25,50,325,Water,,1,50
99,Kingler,55,130,115,50,50,75,475,Water,,1,50
100,Voltorb,40,30,50,55,55,100,330,Electric,,1,
101,Electrode,60,50,70,80,80,150,490,Electric,,1,
102,Exeggcute,60,40,80,60,45,40,325,Grass,Psychic,1,50
103,Exeggutor,95,105,85,125,75,45,530,Grass,Psychic,1,50
104,Cubone,50,50,95,40,50,35,320,Ground,,1,50
105,Marowak,60,80,110,50,80,45,425,Ground,Fire,1,50
106,Hitmonlee,50,120,53,35,110,87,455,Fighting,,1,100
107,Hitmonchan,50,105,79,35,110,76,455,Fighting,,1,100
108,Lickitung,90,55,75,60,75,30,385,Normal,,1,50
109,Koffing,40,65,95,60,45,35,340,Poison,,1,50
110,Weezing,65,90,120,85,70,60,490,Poison,,1,50
111,Rhyhorn,80,85,95,30,30,25,345,Ground,Rock,1,50
112,Rhydon,105,130,120,45,45,40,485,Ground,Rock,1,50
113,Chansey,250,5,5,35,105,50,450,Normal,,1,0
114,Tangela,65,55,115,100,40,60,435,Grass,,1,50
115,Kangaskhan,105,125,100,60,100,100,590,Normal,,1,0
116,Horsea,30,40,70,70,25,60,295,Water,,1,50
117,Seadra,55,65,95,95,45,85,440,Water,,1,50
118,Goldeen,45,67,60,35,50,63,320,Water,,1,50
119,Seaking,80,92,65,65,80,68,450,Water,,1,50
120,Staryu,30,45,55,70,55,85,340,Water,,1,
121,Starmie,60,75,85,100,85,115,520,Water,Psychic,1,
122,Mr. Mime,40,45,65,100,120,90,460,Psychic,Fairy,1,50
123,Scyther,70,110,80,55,80,105,500,Bug,Flying,1,50
124,Jynx,65,50,35,115,95,95,455,Ice,Psychic,1,0
125,Electabuzz,65,83,57,95,85,105,490,Electric,,1,75.4
126,Magmar,65,95,57,100,85,93,495,Fire,,1,75.4
127,Pinsir,65,155,120,65,90,105,600,Bug,,1,50
128,Tauros,75,100,95,40,70,110,490,Normal,,1,100
129,Magikarp,20,10,55,15,20,80,200,Water,,1,50
130,Gyarados,95,155,109,70,130,81,640,Water,Flying,1,50
131,Lapras,130,85,80,85,95,60,535,Water,Ice,1,50
132,Ditto,48,48,48,48,48,48,288,Normal,,1,
133,Eevee,55,55,50,45,65,55,325,Normal,,1,88.1
134,Vaporeon,130,65,60,110,95,65,525,Water,,1,88.1
135,Jolteon,65,65,60,110,95,130,525,Electric,,1,88.1
136,Flareon,65,130,60,95,110,65,525,Fire,,1,88.1
137,Porygon,65,60,70,85,75,40,395,Normal,,1,
138,Omanyte,35,40,100,90,55,35,355,Rock,Water,1,88.1
139,Omastar,70,60,125,115,70,55,495,Rock,Water,1,88.1
140,Kabuto,30,80,90,55,45,55,355,Rock,Water,1,88.1
141,Kabutops,60,115,105,65,70,80,495,Rock,Water,1,88.1
142,Aerodactyl,80,135,85,70,95,150,615,Rock,Flying,1,88.1
143,Snorlax,160,110,65,65,110,30,540,Normal,,1,88.1
144,Articuno,90,85,100,95,125,85,580,Ice,Flying,1,
145,Zapdos,90,90,85,125,90,100,580,Electric,Flying,1,
146,Moltres,90,100,90,125,85,90,580,Fire,Flying,1,
147,Dratini,41,64,45,50,50,50,300,Dragon,,1,50
148,Dragonair,61,84,65,70,70,70,420,Dragon,,1,50
149,Dragonite,91,134,95,100,100,80,600,Dragon,Flying,1,50
150,Mewtwo,106,150,70,194,120,140,780,Psychic,,1,
151,Mew,100,100,100,100,100,100,600,Psychic,,1,
152,Chikorita,45,49,65,49,65,45,318,Grass,,2,88.1
153,Bayleef,60,62,80,63,80,60,405,Grass,,2,88.1
154,Meganium,80,82,100,83,100,80,525,Grass,,2,88.1
155,Cyndaquil,39,52,43,60,50,65,309,Fire,,2,88.1
156,Quilava,58,64,58,80,65,80,405,Fire,,2,88.1
157,Typhlosion,78,84,78,109,85,100,534,Fire,,2,88.1
158,Totodile,50,65,64,44,48,43,314,Water,,2,88.1
159,Croconaw,65,80,80,59,63,58,405,Water,,2,88.1
160,Feraligatr,85,105,100,79,83,78,530,Water,,2,88.1
161,Sentret,35,46,34,35,45,20,215,Normal,,2,50
162,Furret,85,76,64,45,55,90,415,Normal,,2,50
163,Hoothoot,60,30,30,36,56,50,262,Normal,Flying,2,50
164,Noctowl,100,50,50,86,96,70,452,Normal,Flying,2,50
165,Ledyba,40,20,30,40,80,55,265,Bug,Flying,2,50
166,Ledian,55,35,50,55,110,85,390,Bug,Flying,2,50
167,Spinarak,40,60,40,40,40,30,250,Bug,Poison,2,50
168,Ariados,70,90,70,60,70,40,400,Bug,Poison,2,50
169,Crobat,85,90,80,70,80,130,535,Poison,Flying,2,50
170,Chinchou,75,38,38,56,56,67,330,Water,Electric,2,50
171,Lanturn,125,58,58,76,76,67,460,Water,Electric,2,50
172,Pichu,20,40,15,35,35,60,205,Electric,,2,50
173,Cleffa,50,25,28,45,55,15,218,Fairy,,2,24.6
174,Igglybuff,90,30,15,40,20,15,210,Normal,Fairy,2,24.6
175,Togepi,35,20,65,40,65,20,245,Fairy,,2,88.1
176,Togetic,55,40,85,80,105,40,405,Fairy,Flying,2,88.1
177,Natu,40,50,45,70,45,70,320,Psychic,Flying,2,50
178,Xatu,65,75,70,95,70,95,470,Psychic,Flying,2,50
179,Mareep,55,40,40,65,45,35,280,Electric,,2,50
180,Flaaffy,70,55,55,80,60,45,365,Electric,,2,50
181,Ampharos,90,95,105,165,110,45,610,Electric,,2,50
182,Bellossom,75,80,95,90,100,50,490,Grass,,2,50
183,Marill,70,20,50,20,50,40,250,Water,Fairy,2,50
184,Azumarill,100,50,80,60,80,50,420,Water,Fairy,2,50
185,Sudowoodo,70,100,115,30,65,30,410,Rock,,2,50
186,Politoed,90,75,75,90,100,70,500,Water,,2,50
187,Hoppip,35,35,40,35,55,50,250,Grass,Flying,2,50
188,Skiploom,55,45,50,45,65,80,340,Grass,Flying,2,50
189,Jumpluff,75,55,70,55,95,110,460,Grass,Flying,2,50
190,Aipom,55,70,55,40,55,85,360,Normal,,2,50
191,Sunkern,30,30,30,30,30,30,180,Grass,,2,50
192,Sunflora,75,75,55,105,85,30,425,Grass,,2,50
193,Yanma,65,65,45,75,45,95,390,Bug,Flying,2,50
194,Wooper,55,45,45,25,25,15,210,Water,Ground,2,50
195,Quagsire,95,85,85,65,65,35,430,Water,Ground,2,50
196,Espeon,65,65,60,130,95,110,525,Psychic,,2,88.1
197,Umbreon,95,65,110,60,130,65,525,Dark,,2,88.1
198,Murkrow,60,85,42,85,42,91,405,Dark,Flying,2,50
199,Slowking,95,75,80,100,110,30,490,Water,Psychic,2,50
200,Misdreavus,60,60,60,85,85,85,435,Ghost,,2,50
201,Unown,48,72,48,72,48,48,336,Psychic,,2,
202,Wobbuffet,190,33,58,33,58,33,405,Psychic,,2,50
203,Girafarig,70,80,65,90,65,85,455,Normal,Psychic,2,50
204,Pineco,50,65,90,35,35,15,290,Bug,,2,50
205,Forretress,75,90,140,60,60,40,465,Bug,Steel,2,50
206,Dunsparce,100,70,70,65,65,45,415,Normal,,2,50
207,Gligar,65,75,105,35,65,85,430,Ground,Flying,2,50
208,Steelix,75,125,230,55,95,30,610,Steel,Ground,2,50
209,Snubbull,60,80,50,40,40,30,300,Fairy,,2,24.6
210,Granbull,90,120,75,60,60,45,450,Fairy,,2,24.6
211,Qwilfish,65,95,85,55,55,85,440,Water,Poison,2,50
212,Scizor,70,150,140,65,100,75,600,Bug,Steel,2,50
213,Shuckle,20,10,230,10,230,5,505,Bug,Rock,2,50
214,Heracross,80,185,115,40,105,75,600,Bug,Fighting,2,50
215,Sneasel,55,95,55,35,75,115,430,Dark,Ice,2,50
216,Teddiursa,60,80,50,50,50,40,330,Normal,,2,50
217,Ursaring,90,130,75,75,75,55,500,Normal,,2,50
218,Slugma,40,40,40,70,40,20,250,Fire,,2,50
219,Magcargo,60,50,120,90,80,30,430,Fire,Rock,2,50
220,Swinub,50,50,40,30,30,50,250,Ice,Ground,2,50
221,Piloswine,100,100,80,60,60,50,450,Ice,Ground,2,50
222,Corsola,65,55,95,65,95,35,410,Water,Rock,2,24.6
223,Remoraid,35,65,35,65,35,65,300,Water,,2,50
224,Octillery,75,105,75,105,75,45,480,Water,,2,50
225,Delibird,45,55,45,65,45,75,330,Ice,Flying,2,50
226,Mantine,85,40,70,80,140,70,485,Water,Flying,2,50
227,Skarmory,65,80,140,40,70,70,465,Steel,Flying,2,50
228,Houndour,45,60,30,80,50,65,330,Dark,Fire,2,50
229,Houndoom,75,90,90,140,90,115,600,Dark,Fire,2,50
230,Kingdra,75,95,95,95,95,85,540,Water,Dragon,2,50
231,Phanpy,90,60,60,40,40,40,330,Ground,,2,50
232,Donphan,90,120,120,60,60,50,500,Ground,,2,50
233,Porygon2,85,80,90,105,95,60,515,Normal,,2,
234,Stantler,73,95,62,85,65,85,465,Normal,,2,50
235,Smeargle,55,20,35,20,45,75,250,Normal,,2,50
236,Tyrogue,35,35,35,35,35,35,210,Fighting,,2,100
237,Hitmontop,50,95,95,35,110,70,455,Fighting,,2,100
238,Smoochum,45,30,15,85,65,65,305,Ice,Psychic,2,0
239,Elekid,45,63,37,65,55,95,360,Electric,,2,75.4
240,Magby,45,75,37,70,55,83,365,Fire,,2,75.4
241,Miltank,95,80,105,40,70,100,490,Normal,,2,0
242,Blissey,255,10,10,75,135,55,540,Normal,,2,0
243,Raikou,90,85,75,115,100,115,580,Electric,,2,
244,Entei,115,115,85,90,75,100,580,Fire,,2,
245,Suicune,100,75,115,90,115,85,580,Water,,2,
246,Larvitar,50,64,50,45,50,41,300,Rock,Ground,2,50
247,Pupitar,70,84,70,65,70,51,410,Rock,Ground,2,50
248,Tyranitar,100,164,150,95,120,71,700,Rock,Dark,2,50
249,Lugia,106,90,130,90,154,110,680,Psychic,Flying,2,
250,Ho-Oh,106,130,90,110,154,90,680,Fire,Flying,2,
251,Celebi,100,100,100,100,100,100,600,Psychic,Grass,2,
252,Treecko,40,45,35,65,55,70,310,Grass,,3,88.1
253,Grovyle,50,65,45,85,65,95,405,Grass,,3,88.1
254,Sceptile,70,110,75,145,85,145,630,Grass,,3,88.1
255,Torchic,45,60,40,70,50,45,310,Fire,,3,88.1
256,Combusken,60,85,60,85,60,55,405,Fire,Fighting,3,88.1
257,Blaziken,80,160,80,130,80,100,630,Fire,Fighting,3,88.1
258,Mudkip,50,70,50,50,50,40,310,Water,,3,88.1
259,Marshtomp,70,85,70,60,70,50,405,Water,Ground,3,88.1
260,Swampert,100,150,110,95,110,70,635,Water,Ground,3,88.1
261,Poochyena,35,55,35,30,30,35,220,Dark,,3,50
262,Mightyena,70,90,70,60,60,70,420,Dark,,3,50
263,Zigzagoon,38,30,41,30,41,60,240,Normal,,3,50
264,Linoone,78,70,61,50,61,100,420,Normal,,3,50
265,Wurmple,45,45,35,20,30,20,195,Bug,,3,50
266,Silcoon,50,35,55,25,25,15,205,Bug,,3,50
267,Beautifly,60,70,50,100,50,65,395,Bug,Flying,3,50
268,Cascoon,50,35,55,25,25,15,205,Bug,,3,50
269,Dustox,60,50,70,50,90,65,385,Bug,Poison,3,50
270,Lotad,40,30,30,40,50,30,220,Water,Grass,3,50
271,Lombre,60,50,50,60,70,50,340,Water,Grass,3,50
272,Ludicolo,80,70,70,90,100,70,480,Water,Grass,3,50
273,Seedot,40,40,50,30,30,30,220,Grass,,3,50
274,Nuzleaf,70,70,40,60,40,60,340,Grass,Dark,3,50
275,Shiftry,90,100,60,90,60,80,480,Grass,Dark,3,50
276,Taillow,40,55,30,30,30,85,270,Normal,Flying,3,50
277,Swellow,60,85,60,75,50,125,455,Normal,Flying,3,50
278,Wingull,40,30,30,55,30,85,270,Water,Flying,3,50
279,Pelipper,60,50,100,95,70,65,440,Water,Flying,3,50
280,Ralts,28,25,25,45,35,40,198,Psychic,Fairy,3,50
281,Kirlia,38,35,35,65,55,50,278,Psychic,Fairy,3,50
282,Gardevoir,68,85,65,165,135,100,618,Psychic,Fairy,3,50
283,Surskit,40,30,32,50,52,65,269,Bug,Water,3,50
284,Masquerain,70,60,62,100,82,80,454,Bug,Flying,3,50
285,Shroomish,60,40,60,40,60,35,295,Grass,,3,50
286,Breloom,60,130,80,60,60,70,460,Grass,Fighting,3,50
287,Slakoth,60,60,60,35,35,30,280,Normal,,3,50
288,Vigoroth,80,80,80,55,55,90,440,Normal,,3,50
289,Slaking,150,160,100,95,65,100,670,Normal,,3,50
290,Nincada,31,45,90,30,30,40,266,Bug,Ground,3,50
291,Ninjask,61,90,45,50,50,160,456,Bug,Flying,3,50
292,Shedinja,1,90,45,30,30,40,236,Bug,Ghost,3,
293,Whismur,64,51,23,51,23,28,240,Normal,,3,50
294,Loudred,84,71,43,71,43,48,360,Normal,,3,50
295,Exploud,104,91,63,91,73,68,490,Normal,,3,50
296,Makuhita,72,60,30,20,30,25,237,Fighting,,3,75.4
297,Hariyama,144,120,60,40,60,50,474,Fighting,,3,75.4
298,Azurill,50,20,40,20,40,20,190,Normal,Fairy,3,24.6
299,Nosepass,30,45,135,45,90,30,375,Rock,,3,50
300,Skitty,50,45,45,35,35,50,260,Normal,,3,24.6
301,Delcatty,70,65,65,55,55,90,400,Normal,,3,24.6
302,Sableye,50,85,125,85,115,20,480,Dark,Ghost,3,50
303,Mawile,50,105,125,55,95,50,480,Steel,Fairy,3,50
304,Aron,50,70,100,40,40,30,330,Steel,Rock,3,50
305,Lairon,60,90,140,50,50,40,430,Steel,Rock,3,50
306,Aggron,70,140,230,60,80,50,630,Steel,Rock,3,50
307,Meditite,30,40,55,40,55,60,280,Fighting,Psychic,3,50
308,Medicham,60,100,85,80,85,100,510,Fighting,Psychic,3,50
309,Electrike,40,45,40,65,40,65,295,Electric,,3,50
310,Manectric,70,75,80,135,80,135,575,Electric,,3,50
311,Plusle,60,50,40,85,75,95,405,Electric,,3,50
312,Minun,60,40,50,75,85,95,405,Electric,,3,50
313,Volbeat,65,73,75,47,85,85,430,Bug,,3,100
314,Illumise,65,47,75,73,85,85,430,Bug,,3,0
315,Roselia,50,60,45,100,80,65,400,Grass,Poison,3,50
316,Gulpin,70,43,53,43,53,40,302,Poison,,3,50
317,Swalot,100,73,83,73,83,55,467,Poison,,3,50
318,Carvanha,45,90,20,65,20,65,305,Water,Dark,3,50
319,Sharpedo,70,140,70,110,65,105,560,Water,Dark,3,50
320,Wailmer,130,70,35,70,35,60,400,Water,,3,50
321,Wailord,170,90,45,90,45,60,500,Water,,3,50
322,Numel,60,60,40,65,45,35,305,Fire,Ground,3,50
323,Camerupt,70,120,100,145,105,20,560,Fire,Ground,3,50
324,Torkoal,70,85,140,85,70,20,470,Fire,,3,50
325,Spoink,60,25,35,70,80,60,330,Psychic,,3,50
326,Grumpig,80,45,65,90,110,80,470,Psychic,,3,50
327,Spinda,60,60,60,60,60,60,360,Normal,,3,50
328,Trapinch,45,100,45,45,45,10,290,Ground,,3,50
329,Vibrava,50,70,50,50,50,70,340,Ground,Dragon,3,50
330,Flygon,80,100,80,80,80,100,520,Ground,Dragon,3,50
331,Cacnea,50,85,40,85,40,35,335,Grass,,3,50
332,Cacturne,70,115,60,115,60,55,475,Grass,Dark,3,50
333,Swablu,45,40,60,40,75,50,310,Normal,Flying,3,50
334,Altaria,75,110,110,110,105,80,590,Dragon,Flying,3,50
335,Zangoose,73,115,60,60,60,90,458,Normal,,3,50
336,Seviper,73,100,60,100,60,65,458,Poison,,3,50
337,Lunatone,90,55,65,95,85,70,460,Rock,Psychic,3,
338,SolRock,90,95,85,55,65,70,460,Rock,Psychic,3,
339,Barboach,50,48,43,46,41,60,288,Water,Ground,3,50
340,Whiscash,110,78,73,76,71,60,468,Water,Ground,3,50
341,Corphish,43,80,65,50,35,35,308,Water,,3,50
342,Crawdaunt,63,120,85,90,55,55,468,Water,Dark,3,50
343,Baltoy,40,40,55,40,70,55,300,Ground,Psychic,3,
344,Claydol,60,70,105,70,120,75,500,Ground,Psychic,3,
345,Lileep,66,41,77,61,87,23,355,Rock,Grass,3,88.1
346,Cradily,86,81,97,81,107,43,495,Rock,Grass,3,88.1
347,Anorith,45,95,50,40,50,75,355,Rock,Bug,3,88.1
348,Armaldo,75,125,100,70,80,45,495,Rock,Bug,3,88.1
349,Feebas,20,15,20,10,55,80,200,Water,,3,50
350,Milotic,95,60,79,100,125,81,540,Water,,3,50
351,Castform,70,70,70,70,70,70,420,Normal,,3,50
352,Kecleon,60,90,70,60,120,40,440,Normal,,3,50
353,Shuppet,44,75,35,63,33,45,295,Ghost,,3,50
354,Banette,64,165,75,93,83,75,555,Ghost,,3,50
355,Duskull,20,40,90,30,90,25,295,Ghost,,3,50
356,Dusclops,40,70,130,60,130,25,455,Ghost,,3,50
357,Tropius,99,68,83,72,87,51,460,Grass,Flying,3,50
358,Chimecho,75,50,80,95,90,65,455,Psychic,,3,50
359,Absol,65,150,60,115,60,115,565,Dark,,3,50
360,Wynaut,95,23,48,23,48,23,260,Psychic,,3,50
361,Snorunt,50,50,50,50,50,50,300,Ice,,3,50
362,Glalie,80,120,80,120,80,100,580,Ice,,3,50
363,Spheal,70,40,50,55,50,25,290,Ice,Water,3,50
364,Sealeo,90,60,70,75,70,45,410,Ice,Water,3,50
365,Walrein,110,80,90,95,90,65,530,Ice,Water,3,50
366,Clamperl,35,64,85,74,55,32,345,Water,,3,50
367,Huntail,55,104,105,94,75,52,485,Water,,3,50
368,Gorebyss,55,84,105,114,75,52,485,Water,,3,50
369,Relicanth,100,90,130,45,65,55,485,Water,Rock,3,88.1
370,Luvdisc,43,30,55,40,65,97,330,Water,,3,24.6
371,Bagon,45,75,60,40,30,50,300,Dragon,,3,50
372,Shelgon,65,95,100,60,50,50,420,Dragon,,3,50
373,Salamence,95,145,130,120,90,120,700,Dragon,Flying,3,50
374,Beldum,40,55,80,35,60,30,300,Steel,Psychic,3,
375,Metang,60,75,100,55,80,50,420,Steel,Psychic,3,
376,Metagross,80,145,150,105,110,110,700,Steel,Psychic,3,
377,RegiRock,80,100,200,50,100,50,580,Rock,,3,
378,RegIce,80,50,100,100,200,50,580,Ice,,3,
379,RegiSteel,80,75,150,75,150,50,580,Steel,,3,
380,Latias,80,100,120,140,150,110,700,Dragon,Psychic,3,0
381,Latios,80,130,100,160,120,110,700,Dragon,Psychic,3,100
382,Kyogre,100,150,90,180,160,90,770,Water,,3,
383,Groudon,100,180,160,150,90,90,770,Ground,,3,
384,Rayquaza,105,180,100,180,100,115,780,Dragon,Flying,3,
385,Jirachi,100,100,100,100,100,100,600,Steel,Psychic,3,
386,Deoxys,50,95,90,95,90,180,600,Psychic,,3,
387,Turtwig,55,68,64,45,55,31,318,Grass,,4,88.1
388,Grotle,75,89,85,55,65,36,405,Grass,,4,88.1
389,Torterra,95,109,105,75,85,56,525,Grass,Ground,4,88.1
390,Chimchar,44,58,44,58,44,61,309,Fire,,4,88.1
391,Monferno,64,78,52,78,52,81,405,Fire,Fighting,4,88.1
392,Infernape,76,104,71,104,71,108,534,Fire,Fighting,4,88.1
393,Piplup,53,51,53,61,56,40,314,Water,,4,88.1
394,Prinplup,64,66,68,81,76,50,405,Water,,4,88.1
395,Empoleon,84,86,88,111,101,60,530,Water,Steel,4,88.1
396,Starly,40,55,30,30,30,60,245,Normal,Flying,4,50
397,Staravia,55,75,50,40,40,80,340,Normal,Flying,4,50
398,Staraptor,85,120,70,50,60,100,485,Normal,Flying,4,50
399,Bidoof,59,45,40,35,40,31,250,Normal,,4,50
400,Bibarel,79,85,60,55,60,71,410,Normal,Water,4,50
401,Kricketot,37,25,41,25,41,25,194,Bug,,4,50
402,Kricketune,77,85,51,55,51,65,384,Bug,,4,50
403,Shinx,45,65,34,40,34,45,263,Electric,,4,50
404,Luxio,60,85,49,60,49,60,363,Electric,,4,50
405,Luxray,80,120,79,95,79,70,523,Electric,,4,50
406,Budew,40,30,35,50,70,55,280,Grass,Poison,4,50
407,Roserade,60,70,65,125,105,90,515,Grass,Poison,4,50
408,Cranidos,67,125,40,30,30,58,350,Rock,,4,88.1
409,Rampardos,97,165,60,65,50,58,495,Rock,,4,88.1
410,Shieldon,30,42,118,42,88,30,350,Rock,Steel,4,88.1
411,Bastiodon,60,52,168,47,138,30,495,Rock,Steel,4,88.1
412,Burmy,40,29,45,29,45,36,224,Bug,,4,50
413,Wormadam,60,69,95,69,95,36,424,Bug,Grass,4,0
414,Mothim,70,94,50,94,50,66,424,Bug,Flying,4,100
415,Combee,30,30,42,30,42,70,244,Bug,Flying,4,88.1
416,Vespiquen,70,80,102,80,102,40,474,Bug,Flying,4,0
417,Pachirisu,60,45,70,45,90,95,405,Electric,,4,50
418,Buizel,55,65,35,60,30,85,330,Water,,4,50
419,Floatzel,85,105,55,85,50,115,495,Water,,4,50
420,Cherubi,45,35,45,62,53,35,275,Grass,,4,50
421,Cherrim,70,60,70,87,78,85,450,Grass,,4,50
422,Shellos,76,48,48,57,62,34,325,Water,,4,50
423,Gastrodon,111,83,68,92,82,39,475,Water,Ground,4,50
424,Ambipom,75,100,66,60,66,115,482,Normal,,4,50
425,Drifloon,90,50,34,60,44,70,348,Ghost,Flying,4,50
426,Drifblim,150,80,44,90,54,80,498,Ghost,Flying,4,50
427,Buneary,55,66,44,44,56,85,350,Normal,,4,50
428,Lopunny,65,136,94,54,96,135,580,Normal,,4,50
429,Mismagius,60,60,60,105,105,105,495,Ghost,,4,50
430,Honchkrow,100,125,52,105,52,71,505,Dark,Flying,4,50
431,Glameow,49,55,42,42,37,85,310,Normal,,4,24.6
432,Purugly,71,82,64,64,59,112,452,Normal,,4,24.6
433,Chingling,45,30,50,65,50,45,285,Psychic,,4,50
434,Stunky,63,63,47,41,41,74,329,Poison,Dark,4,50
435,Skuntank,103,93,67,71,61,84,479,Poison,Dark,4,50
436,Bronzor,57,24,86,24,86,23,300,Steel,Psychic,4,
437,Bronzong,67,89,116,79,116,33,500,Steel,Psychic,4,
438,Bonsly,50,80,95,10,45,10,290,Rock,,4,50
439,Mime Jr.,20,25,45,70,90,60,310,Psychic,Fairy,4,50
440,Happiny,100,5,5,15,65,30,220,Normal,,4,0
441,Chatot,76,65,45,92,42,91,411,Normal,Flying,4,50
442,Spiritomb,50,92,108,92,108,35,485,Ghost,Dark,4,50
443,Gible,58,70,45,40,45,42,300,Dragon,Ground,4,50
444,Gabite,68,90,65,50,55,82,410,Dragon,Ground,4,50
445,Garchomp,108,170,115,120,95,92,700,Dragon,Ground,4,50
446,Munchlax,135,85,40,40,85,5,390,Normal,,4,88.1
447,Riolu,40,70,40,35,40,60,285,Fighting,,4,88.1
448,Lucario,70,145,88,140,70,112,625,Fighting,Steel,4,88.1
449,Hippopotas,68,72,78,38,42,32,330,Ground,,4,50
450,Hippowdon,108,112,118,68,72,47,525,Ground,,4,50
451,Skorupi,40,50,90,30,55,65,330,Poison,Bug,4,50
452,Drapion,70,90,110,60,75,95,500,Poison,Dark,4,50
453,Croagunk,48,61,40,61,40,50,300,Poison,Fighting,4,50
454,Toxicroak,83,106,65,86,65,85,490,Poison,Fighting,4,50
455,Carnivine,74,100,72,90,72,46,454,Grass,,4,50
456,Finneon,49,49,56,49,61,66,330,Water,,4,50
457,Lumineon,69,69,76,69,86,91,460,Water,,4,50
458,Mantyke,45,20,50,60,120,50,345,Water,Flying,4,50
459,Snover,60,62,50,62,60,40,334,Grass,Ice,4,50
460,Abomasnow,90,132,105,132,105,30,594,Grass,Ice,4,50
461,Weavile,70,120,65,45,85,125,510,Dark,Ice,4,50
462,Magnezone,70,70,115,130,90,60,535,Electric,Steel,4,
463,Lickilicky,110,85,95,80,95,50,515,Normal,,4,50
464,Rhyperior,115,140,130,55,55,40,535,Ground,Rock,4,50
465,Tangrowth,100,100,125,110,50,50,535,Grass,,4,50
466,Electivire,75,123,67,95,85,95,540,Electric,,4,75.4
467,Magmortar,75,95,67,125,95,83,540,Fire,,4,75.4
468,Togekiss,85,50,95,120,115,80,545,Fairy,Flying,4,88.1
469,Yanmega,86,76,86,116,56,95,515,Bug,Flying,4,50
470,Leafeon,65,110,130,60,65,95,525,Grass,,4,88.1
471,Glaceon,65,60,110,130,95,65,525,Ice,,4,88.1
472,Gliscor,75,95,125,45,75,95,510,Ground,Flying,4,50
473,Mamoswine,110,130,80,70,60,80,530,Ice,Ground,4,50
474,Porygon-Z,85,80,70,135,75,90,535,Normal,,4,
475,Gallade,68,165,95,65,115,110,618,Psychic,Fighting,4,100
476,Probopass,60,55,145,75,150,40,525,Rock,Steel,4,50
477,Dusknoir,45,100,135,65,135,45,525,Ghost,,4,50
478,Froslass,70,80,70,80,70,110,480,Ice,Ghost,4,0
479,Rotom,50,65,107,105,107,86,520,Electric,Ghost,4,
480,Uxie,75,75,130,75,130,95,580,Psychic,,4,
481,Mesprit,80,105,105,105,105,80,580,Psychic,,4,
482,Azelf,75,125,70,125,70,115,580,Psychic,,4,
483,Dialga,100,120,120,150,100,90,680,Steel,Dragon,4,
484,Palkia,90,120,100,150,120,100,680,Water,Dragon,4,
485,Heatran,91,90,106,130,106,77,600,Fire,Steel,4,50
486,Regigigas,110,160,110,80,110,100,670,Normal,,4,
487,Giratina,150,120,100,120,100,90,680,Ghost,Dragon,4,
488,Cresselia,120,70,120,75,130,85,600,Psychic,,4,0
489,Phione,80,80,80,80,80,80,480,Water,,4,
490,Manaphy,100,100,100,100,100,100,600,Water,,4,
491,Darkrai,70,90,90,135,90,125,600,Dark,,4,
492,Shaymin,100,103,75,120,75,127,600,Grass,Grass,4,
493,Arceus,120,120,120,120,120,120,720,Normal,,4,
494,Victini,100,100,100,100,100,100,600,Psychic,Fire,5,
495,Snivy,45,45,55,45,55,63,308,Grass,,5,88.1
496,Servine,60,60,75,60,75,83,413,Grass,,5,88.1
497,Serperior,75,75,95,75,95,113,528,Grass,,5,88.1
498,Tepig,65,63,45,45,45,45,308,Fire,,5,88.1
499,Pignite,90,93,55,70,55,55,418,Fire,Fighting,5,88.1
500,Emboar,110,123,65,100,65,65,528,Fire,Fighting,5,88.1
501,Oshawott,55,55,45,63,45,45,308,Water,,5,88.1
502,Dewott,75,75,60,83,60,60,413,Water,,5,88.1
503,Samurott,95,100,85,108,70,70,528,Water,,5,88.1
504,Patrat,45,55,39,35,39,42,255,Normal,,5,50
505,Watchog,60,85,69,60,69,77,420,Normal,,5,50
506,Lillipup,45,60,45,25,45,55,275,Normal,,5,50
507,Herdier,65,80,65,35,65,60,370,Normal,,5,50
508,Stoutland,85,110,90,45,90,80,500,Normal,,5,50
509,Purrloin,41,50,37,50,37,66,281,Dark,,5,50
510,Liepard,64,88,50,88,50,106,446,Dark,,5,50
511,Pansage,50,53,48,53,48,64,316,Grass,,5,88.1
512,Simisage,75,98,63,98,63,101,498,Grass,,5,88.1
513,Pansear,50,53,48,53,48,64,316,Fire,,5,88.1
514,Simisear,75,98,63,98,63,101,498,Fire,,5,88.1
515,Panpour,50,53,48,53,48,64,316,Water,,5,88.1
516,Simipour,75,98,63,98,63,101,498,Water,,5,88.1
517,Munna,76,25,45,67,55,24,292,Psychic,,5,50
518,Musharna,116,55,85,107,95,29,487,Psychic,,5,50
519,Pidove,50,55,50,36,30,43,264,Normal,Flying,5,50
520,Tranquill,62,77,62,50,42,65,358,Normal,Flying,5,50
521,Unfezant,80,115,80,65,55,93,488,Normal,Flying,5,50
522,Blitzle,45,60,32,50,32,76,295,Electric,,5,50
523,Zebstrika,75,100,63,80,63,116,497,Electric,,5,50
524,Roggenrola,55,75,85,25,25,15,280,Rock,,5,50
525,Boldore,70,105,105,50,40,20,390,Rock,,5,50
526,Gigalith,85,135,130,60,80,25,515,Rock,,5,50
527,Woobat,65,45,43,55,43,72,323,Psychic,Flying,5,50
528,Swoobat,67,57,55,77,55,114,425,Psychic,Flying,5,50
529,Drilbur,60,85,40,30,45,68,328,Ground,,5,50
530,Excadrill,110,135,60,50,65,88,508,Ground,Steel,5,50
531,Audino,103,60,126,80,126,50,545,Normal,,5,50
532,Timburr,75,80,55,25,35,35,305,Fighting,,5,75.4
533,Gurdurr,85,105,85,40,50,40,405,Fighting,,5,75.4
534,Conkeldurr,105,140,95,55,65,45,505,Fighting,,5,75.4
535,Tympole,50,50,40,50,40,64,294,Water,,5,50
536,Palpitoad,75,65,55,65,55,69,384,Water,Ground,5,50
537,Seismitoad,105,95,75,85,75,74,509,Water,Ground,5,50
538,Throh,120,100,85,30,85,45,465,Fighting,,5,100
539,Sawk,75,125,75,30,75,85,465,Fighting,,5,100
540,Sewaddle,45,53,70,40,60,42,310,Bug,Grass,5,50
541,Swadloon,55,63,90,50,80,42,380,Bug,Grass,5,50
542,Leavanny,75,103,80,70,80,92,500,Bug,Grass,5,50
543,Venipede,30,45,59,30,39,57,260,Bug,Poison,5,50
544,Whirlipede,40,55,99,40,79,47,360,Bug,Poison,5,50
545,Scolipede,60,100,89,55,69,112,485,Bug,Poison,5,50
546,Cottonee,40,27,60,37,50,66,280,Grass,Fairy,5,50
547,Whimsicott,60,67,85,77,75,116,480,Grass,Fairy,5,50
548,Petilil,45,35,50,70,50,30,280,Grass,,5,0
549,Lilligant,70,60,75,110,75,90,480,Grass,,5,0
550,Basculin,70,92,65,80,55,98,460,Water,,5,50
551,Sandile,50,72,35,35,35,65,292,Ground,Dark,5,50
552,Krokorok,60,82,45,45,45,74,351,Ground,Dark,5,50
553,Krookodile,95,117,80,65,70,92,519,Ground,Dark,5,50
554,Darumaka,70,90,45,15,45,50,315,Fire,,5,50
555,Darmanitan,105,30,105,140,105,55,540,Fire,Fire,5,50
556,Maractus,75,86,67,106,67,60,461,Grass,,5,50
557,Dwebble,50,65,85,35,35,55,325,Bug,Rock,5,50
558,Crustle,70,105,125,65,75,45,485,Bug,Rock,5,50
559,Scraggy,50,75,70,35,70,48,348,Dark,Fighting,5,50
560,Scrafty,65,90,115,45,115,58,488,Dark,Fighting,5,50
561,Sigilyph,72,58,80,103,80,97,490,Psychic,Flying,5,50
562,Yamask,38,30,85,55,65,30,303,Ghost,,5,50
563,Cofagrigus,58,50,145,95,105,30,483,Ghost,,5,50
564,Tirtouga,54,78,103,53,45,22,355,Water,Rock,5,88.1
565,Carracosta,74,108,133,83,65,32,495,Water,Rock,5,88.1
566,Archen,55,112,45,74,45,70,401,Rock,Flying,5,88.1
567,Archeops,75,140,65,112,65,110,567,Rock,Flying,5,88.1
568,Trubbish,50,50,62,40,62,65,329,Poison,,5,50
569,Garbodor,80,95,82,60,82,75,474,Poison,,5,50
570,Zorua,40,65,40,80,40,65,330,Dark,,5,88.1
571,Zoroark,60,105,60,120,60,105,510,Dark,,5,88.1
572,Minccino,55,50,40,40,40,75,300,Normal,,5,24.6
573,Cinccino,75,95,60,65,60,115,470,Normal,,5,24.6
574,Gothita,45,30,50,55,65,45,290,Psychic,,5,24.6
575,Gothorita,60,45,70,75,85,55,390,Psychic,,5,24.6
576,Gothitelle,70,55,95,95,110,65,490,Psychic,,5,24.6
577,Solosis,45,30,40,105,50,20,290,Psychic,,5,50
578,Duosion,65,40,50,125,60,30,370,Psychic,,5,50
579,Reuniclus,110,65,75,125,85,30,490,Psychic,,5,50
580,Ducklett,62,44,50,44,50,55,305,Water,Flying,5,50
581,Swanna,75,87,63,87,63,98,473,Water,Flying,5,50
582,Vanillite,36,50,50,65,60,44,305,Ice,,5,50
583,Vanillish,51,65,65,80,75,59,395,Ice,,5,50
584,Vanilluxe,71,95,85,110,95,79,535,Ice,,5,50
585,Deerling,60,60,50,40,50,75,335,Normal,Grass,5,50
586,Sawsbuck,80,100,70,60,70,95,475,Normal,Grass,5,50
587,Emolga,55,75,60,75,60,103,428,Electric,Flying,5,50
588,Karrablast,50,75,45,40,45,60,315,Bug,,5,50
589,Escavalier,70,135,105,60,105,20,495,Bug,Steel,5,50
590,Foongus,69,55,45,55,55,15,294,Grass,Poison,5,50
591,Amoonguss,114,85,70,85,80,30,464,Grass,Poison,5,50
592,Frillish,55,40,50,65,85,40,335,Water,Ghost,5,50
593,JellIcent,100,60,70,85,105,60,480,Water,Ghost,5,50
594,Alomomola,165,75,80,40,45,65,470,Water,,5,50
595,Joltik,50,47,50,57,50,65,319,Bug,Electric,5,50
596,Galvantula,70,77,60,97,60,108,472,Bug,Electric,5,50
597,Ferroseed,44,50,91,24,86,10,305,Grass,Steel,5,50
598,Ferrothorn,74,94,131,54,116,20,489,Grass,Steel,5,50
599,Klink,40,55,70,45,60,30,300,Steel,,5,
600,Klang,60,80,95,70,85,50,440,Steel,,5,
601,Klinklang,60,100,115,70,85,90,520,Steel,,5,
602,Tynamo,35,55,40,45,40,60,275,Electric,,5,50
603,Eelektrik,65,85,70,75,70,40,405,Electric,,5,50
604,Eelektross,85,115,80,105,80,50,515,Electric,,5,50
605,Elgyem,55,55,55,85,55,30,335,Psychic,,5,50
606,Beheeyem,75,75,75,125,95,40,485,Psychic,,5,50
607,Litwick,50,30,55,65,55,20,275,Ghost,Fire,5,50
608,Lampent,60,40,60,95,60,55,370,Ghost,Fire,5,50
609,Chandelure,60,55,90,145,90,80,520,Ghost,Fire,5,50
610,Axew,46,87,60,30,40,57,320,Dragon,,5,50
611,Fraxure,66,117,70,40,50,67,410,Dragon,,5,50
612,Haxorus,76,147,90,60,70,97,540,Dragon,,5,50
613,Cubchoo,55,70,40,60,40,40,305,Ice,,5,50
614,Beartic,95,130,80,70,80,50,505,Ice,,5,50
615,Cryogonal,80,50,50,95,135,105,515,Ice,,5,
616,Shelmet,50,40,85,40,65,25,305,Bug,,5,50
617,Accelgor,80,70,40,100,60,145,495,Bug,,5,50
618,Stunfisk,109,66,84,81,99,32,471,Ground,Electric,5,50
619,Mienfoo,45,85,50,55,50,65,350,Fighting,,5,50
620,Mienshao,65,125,60,95,60,105,510,Fighting,,5,50
621,Druddigon,77,120,90,60,90,48,485,Dragon,,5,50
622,Golett,59,74,50,35,50,35,303,Ground,Ghost,5,
623,Golurk,89,124,80,55,80,55,483,Ground,Ghost,5,
624,Pawniard,45,85,70,40,40,60,340,Dark,Steel,5,50
625,Bisharp,65,125,100,60,70,70,490,Dark,Steel,5,50
626,Bouffalant,95,110,95,40,95,55,490,Normal,,5,50
627,Rufflet,70,83,50,37,50,60,350,Normal,Flying,5,100
628,Braviary,100,123,75,57,75,80,510,Normal,Flying,5,100
629,Vullaby,70,55,75,45,65,60,370,Dark,Flying,5,0
630,Mandibuzz,110,65,105,55,95,80,510,Dark,Flying,5,0
631,Heatmor,85,97,66,105,66,65,484,Fire,,5,50
632,Durant,58,109,112,48,48,109,484,Bug,Steel,5,50
633,Deino,52,65,50,45,50,38,300,Dark,Dragon,5,50
634,Zweilous,72,85,70,65,70,58,420,Dark,Dragon,5,50
635,Hydreigon,92,105,90,125,90,98,600,Dark,Dragon,5,50
636,Larvesta,55,85,55,50,55,60,360,Bug,Fire,5,50
637,Volcarona,85,60,65,135,105,100,550,Bug,Fire,5,50
638,Cobalion,91,90,129,90,72,108,580,Steel,Fighting,5,
639,Terrakion,91,129,90,72,90,108,580,Rock,Fighting,5,
640,Virizion,91,90,72,90,129,108,580,Grass,Fighting,5,
641,Tornadus,79,100,80,110,90,121,580,Flying,,5,100
642,Thundurus,79,105,70,145,80,101,580,Electric,Flying,5,100
643,Reshiram,100,120,100,150,120,90,680,Dragon,Fire,5,
644,Zekrom,100,150,120,120,100,90,680,Dragon,Electric,5,
645,Landorus,89,145,90,105,80,91,600,Ground,Flying,5,100
646,Kyurem,125,120,90,170,100,95,700,Dragon,Ice,5,
647,Keldeo,91,72,90,129,90,108,580,Water,Fighting,5,
648,Meloetta,100,128,90,77,77,128,600,Normal,Psychic,5,
649,Genesect,71,120,95,120,95,99,600,Bug,Steel,5,
650,Chespin,56,61,65,48,45,38,313,Grass,,6,88.1
651,Quilladin,61,78,95,56,58,57,405,Grass,,6,88.1
652,Chesnaught,88,107,122,74,75,64,530,Grass,Fighting,6,88.1
653,Fennekin,40,45,40,62,60,60,307,Fire,,6,88.1
654,Braixen,59,59,58,90,70,73,409,Fire,,6,88.1
655,Delphox,75,69,72,114,100,104,534,Fire,Psychic,6,88.1
656,Froakie,41,56,40,62,44,71,314,Water,,6,88.1
657,Frogadier,54,63,52,83,56,97,405,Water,,6,88.1
658,Greninja,72,145,67,153,71,132,640,Water,Dark,6,88.1
659,Bunnelby,38,36,38,32,36,57,237,Normal,,6,50
660,Diggersby,85,56,77,50,77,78,423,Normal,Ground,6,50
661,Fletchling,45,50,43,40,38,62,278,Normal,Flying,6,50
662,Fletchinder,62,73,55,56,52,84,382,Fire,Flying,6,50
663,Talonflame,78,81,71,74,69,126,499,Fire,Flying,6,50
664,ScatterBug,38,35,40,27,25,35,200,Bug,,6,50
665,Spewpa,45,22,60,27,30,29,213,Bug,,6,50
666,Vivillon,80,52,50,90,50,89,411,Bug,Flying,6,50
667,Litleo,62,50,58,73,54,72,369,Fire,Normal,6,11.2
668,Pyroar,86,68,72,109,66,106,507,Fire,Normal,6,11.2
669,Flabébé,44,38,39,61,79,42,303,Fairy,,6,0
670,Floette,74,65,67,125,128,92,551,Fairy,,6,0
671,Florges,78,65,68,112,154,75,552,Fairy,,6,0
672,Skiddo,66,65,48,62,57,52,350,Grass,,6,50
673,Gogoat,123,100,62,97,81,68,531,Grass,,6,50
674,Pancham,67,82,62,46,48,43,348,Fighting,,6,50
675,Pangoro,95,124,78,69,71,58,495,Fighting,Dark,6,50
676,Furfrou,75,80,60,65,90,102,472,Normal,,6,50
677,Espurr,62,48,54,63,60,68,355,Psychic,,6,50
678,Meowstic,74,48,76,83,81,104,466,Psychic,,6,50
679,Honedge,45,80,100,35,37,28,325,Steel,Ghost,6,50
680,Doublade,59,110,150,45,49,35,448,Steel,Ghost,6,50
681,Aegislash,60,150,50,150,50,60,520,Steel,Ghost,6,50
682,Spritzee,78,52,60,63,65,23,341,Fairy,,6,50
683,Aromatisse,101,72,72,99,89,29,462,Fairy,,6,50
684,Swirlix,62,48,66,59,57,49,341,Fairy,,6,50
685,Slurpuff,82,80,86,85,75,72,480,Fairy,,6,50
686,Inkay,53,54,53,37,46,45,288,Dark,Psychic,6,50
687,Malamar,86,92,88,68,75,73,482,Dark,Psychic,6,50
688,Binacle,42,52,67,39,56,50,306,Rock,Water,6,50
689,Barbaracle,72,105,115,54,86,68,500,Rock,Water,6,50
690,Skrelp,50,60,60,60,60,30,320,Poison,Water,6,50
691,Dragalge,65,75,90,97,123,44,494,Poison,Dragon,6,50
692,Clauncher,50,53,62,58,63,44,330,Water,,6,50
693,Clawitzer,71,73,88,120,89,59,500,Water,,6,50
694,Helioptile,44,38,33,61,43,70,289,Electric,Normal,6,50
695,Heliolisk,62,55,52,109,94,109,481,Electric,Normal,6,50
696,Tyrunt,58,89,77,45,45,48,362,Rock,Dragon,6,88.1
697,Tyrantrum,82,121,119,69,59,71,521,Rock,Dragon,6,88.1
698,Amaura,77,59,50,67,63,46,362,Rock,Ice,6,88.1
699,Aurorus,123,77,72,99,92,58,521,Rock,Ice,6,88.1
700,Sylveon,95,65,65,110,130,60,525,Fairy,,6,88.1
701,Hawlucha,78,92,75,74,63,118,500,Fighting,Flying,6,50
702,Dedenne,67,58,57,81,67,101,431,Electric,Fairy,6,50
703,Carbink,50,50,150,50,150,50,500,Rock,Fairy,6,
704,Goomy,45,50,35,55,75,40,300,Dragon,,6,50
705,Sliggoo,68,75,53,83,113,60,452,Dragon,,6,50
706,Goodra,90,100,70,110,150,80,600,Dragon,,6,50
707,Klefki,57,80,91,80,87,75,470,Steel,Fairy,6,50
708,Phantump,43,70,48,50,60,38,309,Ghost,Grass,6,50
709,Trevenant,85,110,76,65,82,56,474,Ghost,Grass,6,50
710,Pumpkaboo,59,66,70,44,55,41,335,Ghost,Grass,6,50
711,Gourgeist,85,100,122,58,75,54,494,Ghost,Grass,6,50
712,Bergmite,55,69,85,32,35,28,304,Ice,,6,50
713,Avalugg,95,117,184,44,46,28,514,Ice,,6,50
714,Noibat,40,30,35,45,40,55,245,Flying,Dragon,6,50
715,Noivern,85,70,80,97,80,123,535,Flying,Dragon,6,50
716,Xerneas,126,131,95,131,98,99,680,Fairy,,6,
717,Yveltal,126,131,95,131,98,99,680,Dark,Flying,6,
718,Zygarde,216,100,121,91,95,85,708,Dragon,Ground,6,
719,Diancie,50,160,110,160,110,110,700,Rock,Fairy,6,
720,Hoopa,80,160,60,170,130,80,680,Psychic,Ghost,6,
721,Volcanion,80,110,120,130,90,70,600,Fire,Water,6,
722,Rowlet,68,55,55,50,50,42,320,Grass,Flying,7,88.1
723,Dartrix,78,75,75,70,70,52,420,Grass,Flying,7,88.1
724,Decidueye,78,107,75,100,100,70,530,Grass,Ghost,7,88.1
725,Litten,45,65,40,60,40,70,320,Fire,,7,88.1
726,Torracat,65,85,50,80,50,90,420,Fire,,7,88.1
727,Incineroar,95,115,90,80,90,60,530,Fire,Dark,7,88.1
728,Popplio,50,54,54,66,56,40,320,Water,,7,88.1
729,Brionne,60,69,69,91,81,50,420,Water,,7,88.1
730,Primarina,80,74,74,126,116,60,530,Water,Fairy,7,88.1
731,Pikipek,35,75,30,30,30,65,265,Normal,Flying,7,50
732,Trumbeak,55,85,50,40,50,75,355,Normal,Flying,7,50
733,Toucannon,80,120,75,75,75,60,485,Normal,Flying,7,50
734,Yungoos,48,70,30,30,30,45,253,Normal,,7,50
735,Gumshoos,88,110,60,55,60,45,418,Normal,,7,50
736,Grubbin,47,62,45,55,45,46,300,Bug,,7,50
737,CharjaBug,57,82,95,55,75,36,400,Bug,Electric,7,50
738,Vikavolt,77,70,90,145,75,43,500,Bug,Electric,7,50
739,Crabrawler,47,82,57,42,47,63,338,Fighting,,7,50
740,Crabominable,97,132,77,62,67,43,478,Fighting,Ice,7,50
741,Oricorio,75,70,70,98,70,93,476,Fire,Flying,7,24.6
742,Cutiefly,40,45,40,55,40,84,304,Bug,Fairy,7,50
743,Ribombee,60,55,60,95,70,124,464,Bug,Fairy,7,50
744,Rockruff,45,65,40,30,40,60,280,Rock,,7,50
745,Lycanroc,85,115,75,55,75,82,487,Rock,,7,50
746,Wishiwashi,45,140,130,140,135,30,620,Water,,7,50
747,Mareanie,50,53,62,43,52,45,305,Poison,Water,7,50
748,Toxapex,50,63,152,53,142,35,495,Poison,Water,7,50
749,Mudbray,70,100,70,45,55,45,385,Ground,,7,50
750,Mudsdale,100,125,100,55,85,35,500,Ground,,7,50
751,Dewpider,38,40,52,40,72,27,269,Water,Bug,7,50
752,Araquanid,68,70,92,50,132,42,454,Water,Bug,7,50
753,Fomantis,40,55,35,50,35,35,250,Grass,,7,50
754,Lurantis,70,105,90,80,90,45,480,Grass,,7,50
755,Morelull,40,35,55,65,75,15,285,Grass,Fairy,7,50
756,Shiinotic,60,45,80,90,100,30,405,Grass,Fairy,7,50
757,Salandit,48,44,40,71,40,77,320,Poison,Fire,7,88.1
758,Salazzle,68,64,60,111,60,117,480,Poison,Fire,7,0
759,Stufful,70,75,50,45,50,50,340,Normal,Fighting,7,50
760,Bewear,120,125,80,55,60,60,500,Normal,Fighting,7,50
761,Bounsweet,42,30,38,30,38,32,210,Grass,,7,0
762,Steenee,52,40,48,40,48,62,290,Grass,,7,0
763,Tsareena,72,120,98,50,98,72,510,Grass,,7,0
764,Comfey,51,52,90,82,110,100,485,Fairy,,7,24.6
765,Oranguru,90,60,80,90,110,60,490,Normal,Psychic,7,50
766,Passimian,100,120,90,40,60,80,490,Fighting,,7,50
767,Wimpod,25,35,40,20,30,80,230,Bug,Water,7,50
768,Golisopod,75,125,140,60,90,40,530,Bug,Water,7,50
769,Sandygast,55,55,80,70,45,15,320,Ghost,Ground,7,50
770,Palossand,85,75,110,100,75,35,480,Ghost,Ground,7,50
771,Pyukumuku,55,60,130,30,130,5,410,Water,,7,50
772,Type: Null,95,95,95,95,95,59,534,Normal,,7,
773,Silvally,95,95,95,95,95,95,570,Normal,,7,
774,Minior,60,100,60,100,60,120,500,Rock,Flying,7,
775,Komala,65,115,65,75,95,65,480,Normal,,7,50
776,Turtonator,60,78,135,91,85,36,485,Fire,Dragon,7,50
777,Togedemaru,65,98,63,40,73,96,435,Electric,Steel,7,50
778,Mimikyu,55,90,80,50,105,96,476,Ghost,Fairy,7,50
779,Bruxish,68,105,70,70,70,92,475,Water,Psychic,7,50
780,Drampa,78,60,85,135,91,36,485,Normal,Dragon,7,50
781,Dhelmise,70,131,100,86,90,40,517,Ghost,Grass,7,
782,Jangmo-o,45,55,65,45,45,45,300,Dragon,,7,50
783,Hakamo-o,55,75,90,65,70,65,420,Dragon,Fighting,7,50
784,Kommo-o,75,110,125,100,105,85,600,Dragon,Fighting,7,50
785,Tapu Koko,70,115,85,95,75,130,570,Electric,Fairy,7,
786,Tapu Lele,70,85,75,130,115,95,570,Psychic,Fairy,7,
787,Tapu Bulu,70,130,115,85,95,75,570,Grass,Fairy,7,
788,Tapu Fini,70,75,115,95,130,85,570,Water,Fairy,7,
789,Cosmog,43,29,31,29,31,37,200,Psychic,,7,
790,Cosmoem,43,29,131,29,131,37,400,Psychic,,7,
791,Solgaleo,137,137,107,113,89,97,680,Psychic,Steel,7,
792,Lunala,137,113,89,137,107,97,680,Psychic,Ghost,7,
793,Nihilego,109,53,47,127,131,103,570,Rock,Poison,7,
794,Buzzwole,107,139,139,53,53,79,570,Bug,Fighting,7,
795,Pheromosa,71,137,37,137,37,151,570,Bug,Fighting,7,
796,Xurkitree,83,89,71,173,71,83,570,Electric,,7,
797,CeleSteela,97,101,103,107,101,61,570,Steel,Flying,7,
798,Kartana,59,181,131,59,31,109,570,Grass,Steel,7,
799,Guzzlord,223,101,53,97,53,43,570,Dark,Dragon,7,
800,Necrozma,97,107,101,127,89,79,600,Psychic,,7,
801,Magearna,80,95,115,130,115,65,600,Steel,Fairy,7,
